--
-- PostgreSQL database dump
--

\restrict 7ie1769vED8ZR0t8Zz0C2V02cX48p9RHeVpa1VvkG5VEDlPzP273L1MGa7iViwu

-- Dumped from database version 18.4
-- Dumped by pg_dump version 18.4

SET statement_timeout = 0;
SET lock_timeout = 0;
SET idle_in_transaction_session_timeout = 0;
SET transaction_timeout = 0;
SET client_encoding = 'UTF8';
SET standard_conforming_strings = on;
SELECT pg_catalog.set_config('search_path', '', false);
SET check_function_bodies = false;
SET xmloption = content;
SET client_min_messages = warning;
SET row_security = off;

--
-- Name: atualizar_data_atualizado_em(); Type: FUNCTION; Schema: public; Owner: -
--

CREATE FUNCTION public.atualizar_data_atualizado_em() RETURNS trigger
    LANGUAGE plpgsql
    AS $$
BEGIN
    NEW.atualizado_em = CURRENT_TIMESTAMP;
    RETURN NEW;
END;
$$;


SET default_tablespace = '';

SET default_table_access_method = heap;

--
-- Name: clientes; Type: TABLE; Schema: public; Owner: -
--

CREATE TABLE public.clientes (
    id integer NOT NULL,
    nome character varying(100) NOT NULL,
    telefone character varying(20),
    observacoes text,
    criado_em timestamp without time zone DEFAULT (CURRENT_TIMESTAMP AT TIME ZONE 'America/Sao_Paulo'::text) NOT NULL,
    atualizado_em timestamp without time zone DEFAULT CURRENT_TIMESTAMP NOT NULL
);


--
-- Name: clientes_id_seq; Type: SEQUENCE; Schema: public; Owner: -
--

ALTER TABLE public.clientes ALTER COLUMN id ADD GENERATED BY DEFAULT AS IDENTITY (
    SEQUENCE NAME public.clientes_id_seq
    START WITH 1
    INCREMENT BY 1
    NO MINVALUE
    NO MAXVALUE
    CACHE 1
);


--
-- Name: historico_clientes; Type: TABLE; Schema: public; Owner: -
--

CREATE TABLE public.historico_clientes (
    id integer NOT NULL,
    cliente_id integer NOT NULL,
    servico_id integer,
    data_historico date DEFAULT ((CURRENT_TIMESTAMP AT TIME ZONE 'America/Sao_Paulo'::text))::date,
    observacao text,
    criado_em timestamp without time zone DEFAULT CURRENT_TIMESTAMP NOT NULL
);


--
-- Name: historico_clientes_id_seq; Type: SEQUENCE; Schema: public; Owner: -
--

ALTER TABLE public.historico_clientes ALTER COLUMN id ADD GENERATED BY DEFAULT AS IDENTITY (
    SEQUENCE NAME public.historico_clientes_id_seq
    START WITH 1
    INCREMENT BY 1
    NO MINVALUE
    NO MAXVALUE
    CACHE 1
);


--
-- Name: produtos; Type: TABLE; Schema: public; Owner: -
--

CREATE TABLE public.produtos (
    id integer NOT NULL,
    nome character varying(100) NOT NULL,
    descricao text,
    marca character varying(100),
    quantidade integer DEFAULT 0,
    criado_em timestamp without time zone DEFAULT CURRENT_TIMESTAMP NOT NULL,
    atualizado_em timestamp without time zone DEFAULT CURRENT_TIMESTAMP NOT NULL
);


--
-- Name: produtos_id_seq; Type: SEQUENCE; Schema: public; Owner: -
--

ALTER TABLE public.produtos ALTER COLUMN id ADD GENERATED BY DEFAULT AS IDENTITY (
    SEQUENCE NAME public.produtos_id_seq
    START WITH 1
    INCREMENT BY 1
    NO MINVALUE
    NO MAXVALUE
    CACHE 1
);


--
-- Name: servicos; Type: TABLE; Schema: public; Owner: -
--

CREATE TABLE public.servicos (
    id integer NOT NULL,
    nome character varying(100) NOT NULL,
    descricao text,
    valor_base numeric(10,2) NOT NULL,
    criado_em timestamp without time zone DEFAULT CURRENT_TIMESTAMP NOT NULL,
    atualizado_em timestamp without time zone DEFAULT CURRENT_TIMESTAMP NOT NULL
);


--
-- Name: servicos_id_seq; Type: SEQUENCE; Schema: public; Owner: -
--

ALTER TABLE public.servicos ALTER COLUMN id ADD GENERATED BY DEFAULT AS IDENTITY (
    SEQUENCE NAME public.servicos_id_seq
    START WITH 1
    INCREMENT BY 1
    NO MINVALUE
    NO MAXVALUE
    CACHE 1
);


--
-- Name: usuarios; Type: TABLE; Schema: public; Owner: -
--

CREATE TABLE public.usuarios (
    id integer NOT NULL,
    nome character varying(100) NOT NULL,
    email character varying(100) NOT NULL,
    senha character varying(255) NOT NULL
);


--
-- Name: usuarios_id_seq; Type: SEQUENCE; Schema: public; Owner: -
--

ALTER TABLE public.usuarios ALTER COLUMN id ADD GENERATED BY DEFAULT AS IDENTITY (
    SEQUENCE NAME public.usuarios_id_seq
    START WITH 1
    INCREMENT BY 1
    NO MINVALUE
    NO MAXVALUE
    CACHE 1
);


--
-- Data for Name: clientes; Type: TABLE DATA; Schema: public; Owner: -
--

COPY public.clientes (id, nome, telefone, observacoes, criado_em, atualizado_em) FROM stdin;
3	igor	19994154191	cabelo ressecado	2026-05-28 14:29:30.853648	2026-05-28 14:29:30.853648
4	cleide	1999411132	Cabelo com mechas\r\nloiro\r\ncom botox	2026-06-02 19:43:52.950858	2026-06-16 13:22:30.505394
8	Gabriel gome	19992813238283	cabelo liso \r\nraizes fortes	2026-06-16 13:26:50.724166	2026-06-16 13:26:50.724166
\.


--
-- Data for Name: historico_clientes; Type: TABLE DATA; Schema: public; Owner: -
--

COPY public.historico_clientes (id, cliente_id, servico_id, data_historico, observacao, criado_em) FROM stdin;
2	3	\N	2026-05-28	avaliação: necessita de hidratação, corte terapeuticos e um cronograma	2026-05-28 14:30:41.488832
3	3	\N	2026-05-28	2 sessao de terapia	2026-05-28 14:33:53.848391
4	3	\N	2026-05-29	3 sessao de terapia com alta frequencia	2026-05-28 14:34:16.317918
5	3	\N	2026-05-30	sadadad	2026-05-28 16:24:46.75725
6	3	1	2026-05-16	realizou o corte terapeutico 1 sessão	2026-05-28 16:35:43.316442
7	3	1	2026-06-02	fez outra sessao de corte terapeutico, notei menos fios duplos e crescimentos irregulares	2026-06-02 19:42:42.835294
8	4	\N	2026-06-02	Avaliação do cabelo	2026-06-02 19:44:17.109292
10	4	2	2026-06-10	fez a limpeza de pele, agendou para outra semana outro serviço	2026-06-09 10:21:48.725287
11	8	\N	2026-06-16	Foi ao salão e realizou um avaliação capilar	2026-06-16 13:27:52.24634
12	8	3	2026-06-17	fez outra avaliação so que de mechas	2026-06-16 13:31:06.375932
\.


--
-- Data for Name: produtos; Type: TABLE DATA; Schema: public; Owner: -
--

COPY public.produtos (id, nome, descricao, marca, quantidade, criado_em, atualizado_em) FROM stdin;
3	definidor de cachos	creme definidor de cachos	lowell	10	2026-06-09 14:48:01.140686	2026-06-09 14:48:01.140686
2	creme	creme efeito molhado	lowell	9	2026-06-09 10:19:13.753977	2026-06-16 13:25:35.013547
4	gel	gel modelador de cabelo	cristiano ronaldo	3	2026-06-16 13:28:43.448029	2026-06-16 13:28:52.805643
\.


--
-- Data for Name: servicos; Type: TABLE DATA; Schema: public; Owner: -
--

COPY public.servicos (id, nome, descricao, valor_base, criado_em, atualizado_em) FROM stdin;
2	limpeza de pele	limpeza de pele para peles oleosas	120.00	2026-06-09 10:20:12.290181	2026-06-09 10:20:12.290181
1	corte terapeutico	corte para remocao de fios duplos	80.00	2026-05-28 14:31:49.472836	2026-06-09 14:32:36.955451
3	Avaliação capilar	Avaliação capilar para ver a resistencia dos fios	0.00	2026-06-16 13:30:17.154612	2026-06-16 13:30:17.154612
\.


--
-- Data for Name: usuarios; Type: TABLE DATA; Schema: public; Owner: -
--

COPY public.usuarios (id, nome, email, senha) FROM stdin;
\.


--
-- Name: clientes_id_seq; Type: SEQUENCE SET; Schema: public; Owner: -
--

SELECT pg_catalog.setval('public.clientes_id_seq', 8, true);


--
-- Name: historico_clientes_id_seq; Type: SEQUENCE SET; Schema: public; Owner: -
--

SELECT pg_catalog.setval('public.historico_clientes_id_seq', 12, true);


--
-- Name: produtos_id_seq; Type: SEQUENCE SET; Schema: public; Owner: -
--

SELECT pg_catalog.setval('public.produtos_id_seq', 4, true);


--
-- Name: servicos_id_seq; Type: SEQUENCE SET; Schema: public; Owner: -
--

SELECT pg_catalog.setval('public.servicos_id_seq', 3, true);


--
-- Name: usuarios_id_seq; Type: SEQUENCE SET; Schema: public; Owner: -
--

SELECT pg_catalog.setval('public.usuarios_id_seq', 1, false);


--
-- Name: clientes clientes_pkey; Type: CONSTRAINT; Schema: public; Owner: -
--

ALTER TABLE ONLY public.clientes
    ADD CONSTRAINT clientes_pkey PRIMARY KEY (id);


--
-- Name: historico_clientes historico_clientes_pkey; Type: CONSTRAINT; Schema: public; Owner: -
--

ALTER TABLE ONLY public.historico_clientes
    ADD CONSTRAINT historico_clientes_pkey PRIMARY KEY (id);


--
-- Name: produtos produtos_pkey; Type: CONSTRAINT; Schema: public; Owner: -
--

ALTER TABLE ONLY public.produtos
    ADD CONSTRAINT produtos_pkey PRIMARY KEY (id);


--
-- Name: servicos servicos_pkey; Type: CONSTRAINT; Schema: public; Owner: -
--

ALTER TABLE ONLY public.servicos
    ADD CONSTRAINT servicos_pkey PRIMARY KEY (id);


--
-- Name: usuarios usuarios_email_key; Type: CONSTRAINT; Schema: public; Owner: -
--

ALTER TABLE ONLY public.usuarios
    ADD CONSTRAINT usuarios_email_key UNIQUE (email);


--
-- Name: usuarios usuarios_pkey; Type: CONSTRAINT; Schema: public; Owner: -
--

ALTER TABLE ONLY public.usuarios
    ADD CONSTRAINT usuarios_pkey PRIMARY KEY (id);


--
-- Name: clientes trg_clientes_atualizado_em; Type: TRIGGER; Schema: public; Owner: -
--

CREATE TRIGGER trg_clientes_atualizado_em BEFORE UPDATE ON public.clientes FOR EACH ROW EXECUTE FUNCTION public.atualizar_data_atualizado_em();


--
-- Name: produtos trg_produtos_atualizado_em; Type: TRIGGER; Schema: public; Owner: -
--

CREATE TRIGGER trg_produtos_atualizado_em BEFORE UPDATE ON public.produtos FOR EACH ROW EXECUTE FUNCTION public.atualizar_data_atualizado_em();


--
-- Name: servicos trg_servicos_atualizado_em; Type: TRIGGER; Schema: public; Owner: -
--

CREATE TRIGGER trg_servicos_atualizado_em BEFORE UPDATE ON public.servicos FOR EACH ROW EXECUTE FUNCTION public.atualizar_data_atualizado_em();


--
-- Name: historico_clientes fk_cliente; Type: FK CONSTRAINT; Schema: public; Owner: -
--

ALTER TABLE ONLY public.historico_clientes
    ADD CONSTRAINT fk_cliente FOREIGN KEY (cliente_id) REFERENCES public.clientes(id) ON DELETE CASCADE;


--
-- Name: historico_clientes fk_servico; Type: FK CONSTRAINT; Schema: public; Owner: -
--

ALTER TABLE ONLY public.historico_clientes
    ADD CONSTRAINT fk_servico FOREIGN KEY (servico_id) REFERENCES public.servicos(id) ON DELETE SET NULL;


--
-- PostgreSQL database dump complete
--

\unrestrict 7ie1769vED8ZR0t8Zz0C2V02cX48p9RHeVpa1VvkG5VEDlPzP273L1MGa7iViwu

